English,Bengali,Russian,Kazakh,Spanish
"Therefore , the sixth principle","অতএব, ষষ্ঠ নীতি",Поэтому шестой принцип,"Сондықтан, алтыншы принцип","Por lo tanto, el sexto principio"
When Harold Arlen returned to,যখন হ্যারল্ড আরলেন ফিরে এসেছিলেন,Когда Гарольд Арлен вернулся в,Гарольд Арлен қайтып оралған кезде,Cuando Harold Arlen regresó a
Her own sound production equipment,তার নিজস্ব শব্দ উত্পাদন সরঞ্জাম,Ее собственное оборудование для производства звука,Өзінің жеке өндірістік жабдықтары,Su propio equipo de producción de sonido
The hell it isn't dinnertime,নরক এটি রাতের খাবারের সময় নয়,"Черт, это не время обеда",Тозақ кешкі уақытта емес,El infierno no es cena
But it is most interesting,তবে এটি সবচেয়ে আকর্ষণীয়,Но это самое интересное,Бірақ бұл өте қызықты,Pero es más interesante
Printed material,মুদ্রিত উপাদান,Печатный материал,Баспа материалы,Material impreso
"Finally , there is the","অবশেষে, আছে","Наконец, есть","Соңында, бар","Finalmente, ahí está el"
I looked at the pathetic,আমি করুণার দিকে তাকালাম,Я посмотрел на жалкие,Мен патетикалық қарадым,Miré lo patético
The effluent was collected through,প্রবাহের মাধ্যমে সংগ্রহ করা হয়েছিল,Стоки были собраны через,Ағынды сулар жиналды,El efluente fue recogido a través de
) 2 .,) 2।,) 2.,) 2.,) 2.
Since the constitution forbids introduction,সংবিধান যেহেতু ভূমিকা নিষিদ্ধ করেছে,Поскольку Конституция запрещает введение,Конституция енгізуге тыйым салады,Dado que la constitución prohíbe la introducción
"Actually , there are a","আসলে, একটি আছে",На самом деле есть,"Іс жүзінде, бар","En realidad, hay un"
a carriage raising up the,একটি গাড়ি উত্থাপন,"каретка, поднимающая",Тасымалдау,un carruaje levantando el
Poet rubbed his arm .,কবি তার বাহু ঘষে।,Поэт потер руку.,Ақын қолын ысқылады.,El poeta se frotó el brazo.
A second point requires more,একটি দ্বিতীয় পয়েন্ট আরও প্রয়োজন,Второй пункт требует большего,Екінші нүкте көбірек қажет,Un segundo punto requiere más
"Meanwhile , the Peace Corps","এদিকে, পিস কর্পস","Между тем, Корпус мира","Сонымен бірге, Бейбітшілік корпусы","Mientras tanto, el Cuerpo de Paz"
"Heading for the batwings ,","বাটউইংসের জন্য শিরোনাম,","Направляясь в Batwings,","Батттарға арналған тақырып,","Dirigiéndose a los Batwings,"
Often work of this sort,প্রায়শই এই ধরণের কাজ,Часто работа в таком роде,Жиі осы түрдегі жұмыс,A menudo trabajo de este tipo
Thinking on submarine defense has,সাবমেরিন প্রতিরক্ষা সম্পর্কে চিন্তা করা আছে,Думая о защите подводных лодок,Сүңгуір қайық қорғау туралы ойлау бар,Pensar en la defensa submarina ha
Proper ritual observance at any,যে কোনও এ যথাযথ অনুষ্ঠান পর্যবেক্ষণ,Правильное ритуал соблюдение при любом,Кез-келген жағдайда рәсімді дұрыс сақтау,Observancia ritual adecuada en cualquier
Too much dampness in the,খুব বেশি স্যাঁতসেঁতে,Слишком много сырости в,Ылғалдылық тым көп,Demasiada humedad en el
He ain't so bad .,সে খুব খারাপ নয়।,Он не так плохо.,Ол соншалықты жаман емес.,No es tan malo.
This gave the Juniors the,এটি জুনিয়রদের দিয়েছে,Это дало юниорам,Бұл жасөспірімдерді берді,Esto le dio a los juniors el
Ernie found it immensely funny,আর্নি এটি অত্যন্ত মজার বলে মনে হয়েছে,Эрни нашел это чрезвычайно смешным,Эрни оны өте күлкілі деп тапты,Ernie lo encontró inmensamente divertido
For United States expenditures under,আমেরিকা যুক্তরাষ্ট্রের ব্যয়ের জন্য,Для расходов США под,Америка Құрама Штаттарының шығыстары үшін,Para gastos de los Estados Unidos bajo
"the Chamber of Commerce ,","চেম্বার অফ কমার্স,","Торговая палата,","Сауда палатасы,","la Cámara de Comercio ,"
"Many companies have systems ,","অনেক সংস্থার সিস্টেম রয়েছে,","У многих компаний есть системы,","Көптеген компаниялардың жүйелері бар,","Muchas empresas tienen sistemas,"
Of the 885 specimens newly,নতুন 885 নমুনার মধ্যে,Из 885 образцов вновь,885 үлгіні жаңадан алыңыз,De los 885 especímenes recientemente
Du Pont would be denied,ডু পন্ট অস্বীকার করা হবে,Du pont будет отказано,Du Pont жоққа шығарылады,Du Pont sería negado
Jess painfully got to his,জেস বেদনাদায়ক তার কাছে পেয়েছিল,Джесс мучительно добралась до его,Джесс оған ауыр тиді,Jess llegó dolorosamente a su
Several slugs fired into the,বেশ কয়েকটি স্লাগ গুলি চালানো,"Несколько слизняков, выпущенных в",Бірнеше қопсытқыштар,Varias babosas disparadas en el
Businesses must develop as a,ব্যবসায়গুলি অবশ্যই একটি হিসাবে বিকাশ করতে হবে,Предприятия должны развиваться как,Кәсіпорындар а ретінде дамуы керек,Las empresas deben desarrollarse como un
Joyce had seen him like,জয়েস তাকে পছন্দ করেছিল,Джойс видел его как,Джойс оны сияқты көрді,Joyce lo había visto como
Chief among the defects they,তারা ত্রুটিগুলির মধ্যে প্রধান,"Главный среди дефектов, которые они",Ақаулардың арасында бастық,Jefe entre los defectos que
Here Mr. Yoneda met us,এখানে মিঃ ইয়োনদা আমাদের সাথে দেখা করলেন,Здесь мистер Йонда встретил нас,Бұл жерде Йонда мырза бізді қарсы алды,Aquí el Sr. Yoneda nos conoció
But the warm joy of,তবে উষ্ণ আনন্দ,Но теплая радость,Бірақ жылы қуаныш,Pero la cálida alegría de
"4 ,","4,","4,","4,","4,"
I guess it's this hot,আমার ধারণা এটি এই গরম,"Я думаю, это так жарко","Менің ойымша, бұл ыстық",Supongo que está tan caliente
"As Viola sat there ,","ভায়োলা যেমন সেখানে বসেছিল,","Как Виола сидела там,","Виола сол жерде отырды,","Mientras Viola se sentó allí,"
Christianity declares that in the,খ্রিস্টধর্ম ঘোষণা করে যে,"Христианство заявляет, что в",Христиан діні мұны жариялайды,El cristianismo declara que en el
"Leaning out , she could","ঝুঁকছে, সে পারত","Наклоняясь, она могла","Сүйеніп, ол мүмкін","Inclinándose, ella podría"
Sam Rayburn was a good,স্যাম রায়বার্ন ভাল ছিল,Сэм Рэйберн был хорошим,Сэм Рэйберн жақсы болды,Sam Rayburn fue un buen
If Mrs. Black was who,মিসেস ব্ল্যাক যদি ছিলেন,Если бы миссис Блэк была кто,Егер қара ханым болса,Si la Sra. Black era quien
`` What do you mean,`` আপনার অর্থ কী?,`` Что ты имеешь в виду,`` «Сіз не айтасыз?»,`` ¿Qué quieres decir
Sheep,ভেড়া,Овца,Қой,Oveja
"He said hesitantly , ``","তিনি দ্বিধায় বললেন, ``",Он нерешительно сказал:,"Ол өте ұнамды деді, - деді","Dijo vacilante, ``"
When and where to file,কখন এবং কোথায় ফাইল করবেন,Когда и где подать,Қашан және қайда файлға,Cuándo y dónde presentar
In one hand she clutched,একদিকে সে আঁকড়ে ধরেছিল,В одной руке она схватилась,Бір жағынан ол ілінген,En una mano ella se aferró
He bounced exuberantly on the,তিনি খুব সুন্দরভাবে বাউন্স,Он бурлево отскочил на,Ол өте қызықты,Rebotó exuberantemente en el
If it was designed to,যদি এটি ডিজাইন করা হয়েছিল,"Если он был разработан, чтобы",Егер ол ойластырылған болса,Si fue diseñado para
"For example , a Browning","উদাহরণস্বরূপ, একটি ব্রাউনিং","Например, Браунинг","Мысалы, қызару","Por ejemplo, un dorado"
`` You are bound to,`` আপনি আবদ্ধ,`` Вы обязаны,`` Сіз байланыстысыз,`` Estás obligado a
Spahn not only is a,স্পাহন কেবল একটি নয়,Спан не только,Spahn тек a,Spahn no solo es un
they listened and suddenly a,তারা শুনেছিল এবং হঠাৎ একটি,Они слушали и внезапно,"Олар тыңдап, кенеттен a",escucharon y de repente un
The Man from Mars had,মঙ্গল থেকে লোকটি ছিল,У человека с Марса был,Марстен шыққан адам болған,El hombre de Marte tenía
"`` Ah , you're too","`` আহ, তুমিও","`` Ах, ты тоже","`` At, сен де сен де","`` Ah, tú también"
Get it out '' !,এটা বের কর '' !,Получить это '' !,Оны шығарыңыз ''!,Sacarlo '' !
`` Not where he's froze,`` যেখানে সে হিমশীতল নয়,"`` Не там, где он замерз","«Жоқ, ол қайда кетті",`` No donde está congelado
Ignorance of the law is,আইন সম্পর্কে অজ্ঞতা,Невежество закона,Заңды білмеу,La ignorancia de la ley es
"Clayton choked , shook his","ক্লেটন চেপে গেল, তার কাঁপল","Клейтон задохнулся, потряс его","Клейтон тұншықтырды, оны шайқады","Clayton se ahogó, sacudió su"
After the Berlin blockade and,বার্লিন অবরোধের পরে এবং,После Берлинской блокады и,Берлин блокадасынан кейін және,Después del bloqueo de Berlín y
The single-step type,একক পদক্ষেপের ধরণ,Одностадийный тип,Бір сатылы түрі,El tipo de solo paso
"Nothing bald , open ;","টাক কিছু, খোলা;","Ничего лыса, открыто;","Еш нәрсе жоқ, ашық;","Nada calvo, abierto;"
Two members of the Democratic-endorsed,গণতান্ত্রিক-প্রবর্তিত দুই সদস্য,Два члена демократического обмотка,Демократиялық екі мүше,Dos miembros de la democrática enviada
if the angle of fire,যদি আগুনের কোণ,Если угол огня,Егер өрт сөндіру бұрышы болса,Si el ángulo de fuego
It was almost one and,এটি প্রায় এক এবং,Это было почти одно и,Бұл шамамен бір болды,Era casi uno y
But this in turn means,তবে এর পরিবর্তে এর অর্থ,"Но это, в свою очередь, означает",Бірақ бұл өз кезегінде,Pero esto a su vez significa
`` The sweaty bastard's probably,`` ঘামযুক্ত জারজির সম্ভবত,"`` Наверное, потный ублюдок",`` Терлесті сарай,`` El bastardo sudoroso probablemente
One such instance has already,এরকম একটি উদাহরণ ইতিমধ্যে আছে,Один такой экземпляр уже,Осындай бір мысалдың бірі,Una de esas instancias ya ha
The sweat broke out on,ঘাম ঝরছে,Пот вспыхнул,Терез сөніп қалды,El sudor estalló en
How long should I wait,আমার কতক্ষণ অপেক্ষা করা উচিত,Как долго ждать,Қанша уақыт күтуім керек,Cuánto tiempo debo esperar
"Now , at this moment","এখন, এই মুহুর্তে","Теперь, в данный момент","Қазір, дәл қазір","Ahora, en este momento"
Joseph Brown continued in business,জোসেফ ব্রাউন ব্যবসায় চালিয়ে যান,Джозеф Браун продолжал в бизнесе,Джозеф Браун бизнесте жалғасты,Joseph Brown continuó en el negocio
`` This is one of,`` এটি একটি,`` Это один из,`` `Бұл - бірі,`` Este es uno de
It is merely the latest,এটি নিছক সর্বশেষ,Это просто последний,Бұл тек ең соңғы,Es simplemente el último
The reports of President Nasser's,রাষ্ট্রপতি নাসেরের রিপোর্ট,Отчеты президента Насера,Президент Насердің есептері,Los informes del presidente Nasser's
Even mobile forces must be,এমনকি মোবাইল বাহিনীও হওয়া উচিত,Даже мобильные силы должны быть,Тіпті мобильді күштер болуы керек,Incluso las fuerzas móviles deben ser
Already his cool body lay,ইতিমধ্যে তার শীতল শরীর ছিল,Уже его прохладное тело лежало,Оның салқын денесі,Ya su cuerpo genial yacía
For he seemed to sense,কারণ তিনি বোধগম্য মনে হয়েছিল,"Ибо он, казалось, чувствовал",Өйткені ол мағынасы болды,Porque él parecía sentir
`` They'll be takin' me,`` তারা আমাকে তাকিন করবে,`` Они будут со мной,Мені «олар» түсіреді,`` Me estarán tomando
"and now , therefore ,","এবং এখন, অতএব,","и теперь, следовательно,","және қазір,","y ahora, por lo tanto,"
Factors that inhibit learning and,যে উপাদানগুলি শেখার বাধা দেয় এবং,"Факторы, которые препятствуют обучению и",Оқуды тежейтін факторлар және,Factores que inhiben el aprendizaje y
or just evenings .,বা শুধু সন্ধ্যা।,или просто вечера.,немесе жай кештер.,o solo noches.
"whenever Lucy saw her ,","লুসি যখনই তাকে দেখেছিল,","Всякий раз, когда Люси видела ее,","Люси оны көрген кезде,",Cada vez que Lucy la veía
Attack can come from almost,আক্রমণ প্রায় থেকে আসতে পারে,Атака может произойти почти от,Шабуыл дерлік болуы мүмкін,El ataque puede provenir de casi
There has been an intensification,একটি তীব্রতা হয়েছে,Было интенсификацию,Интенсификация болды,Ha habido una intensificación
There was no compulsion behind,পিছনে কোন বাধ্যবাধকতা ছিল না,Там не было никакого принуждения позади,Артында мәжбүрлеу болған жоқ,No hubo compulsión detrás
No formal charges have been,কোনও আনুষ্ঠানিক অভিযোগ হয়নি,Никаких официальных обвинений не было,Ресми төлемдер болған жоқ,No han sido cargos formales
That's enough '' .,তাতেই চলবে '' .,Достаточно '' .,Бұл жеткілікті ''.,Eso es suficiente '' .
She's married that tenant !,সে বিয়ে করেছে সেই ভাড়াটে!,Она замужем за этим арендатором!,Ол жалға алушыға үйленді!,¡Está casada a ese inquilino!
the group sets the styles,গ্রুপটি স্টাইল সেট করে,Группа устанавливает стили,Топ стильдерді орнатады,el grupo establece los estilos
This further demonstration of O'Banion's,ওবানিয়নের এই আরও প্রদর্শন,Эта дальнейшая демонстрация О'Баниона,Бұл O'banion-дің одан әрі көрінісі,Esta demostración adicional de O'Banion's
The other is that the,অন্যটি যে,"Другой в том, что",Екіншісі - бұл,El otro es que el
Finished signs are produced by,সমাপ্ত লক্ষণগুলি দ্বারা উত্পাদিত হয়,Готовые знаки производятся,Аяқталған белгілер шығарылады,Los letreros terminados son producidos por
Robby's performance last year was,গত বছর রবির অভিনয় ছিল,Выступление Робби в прошлом году было,Өткен жылы Роббидің қойылымы болды,La actuación de Robby el año pasado fue
The funds recouped by reductions,তহবিল হ্রাস দ্বারা পুনরুদ্ধার,Средства возмещаются сокращением,Қаражат қысқарту арқылы өтелді,Los fondos recuperados por reducciones
The figure was close enough,চিত্রটি যথেষ্ট কাছাকাছি ছিল,Фигура была достаточно близко,Фигура жеткілікті болды,La figura estaba lo suficientemente cerca
Now can you tell me,এখন আপনি আমাকে বলতে পারেন,Теперь ты можешь сказать мне,Енді сіз маған айта аласыз ба?,Ahora puedes decirme
His shout had been involuntary,তাঁর চিৎকার ছিল অনৈচ্ছিক,Его крик был непроизвольным,Оның айқайы еріксіз болды,Su grito había sido involuntario
He flounders and lets music,তিনি ঝাপটায় এবং সঙ্গীত যাক,Он колеблется и позволяет музыке,Ол қыңырлар мен музыкаға мүмкіндік береді,Él se tambalea y deja que la música
